City_ID,City,Lat,Lng,Max Temp,Humidity,Cloudiness,Wind Speed,Country,Date
0,newport,51.5877,-2.9984,20.43,74,90,4.73,GB,1691407161
1,yellowknife,62.456,-114.3525,12.29,76,75,3.09,CA,1691407161
2,laojunmiao,39.8333,97.7333,29.19,18,100,8.37,CN,1691407161
3,dudinka,69.4058,86.1778,25.9,34,3,4.5,RU,1691406893
4,paphos,34.7667,32.4167,31.24,66,20,7.72,CY,1691407162
5,wauseon,41.5492,-84.1416,19.82,100,100,2.06,US,1691407162
6,edinburgh of the seven seas,-37.0676,-12.3116,12.3,65,48,11.02,SH,1691407162
7,margaret river,-33.95,115.0667,15.56,80,90,5.38,AU,1691407036
8,rawai,7.7797,98.3253,29.06,76,99,6.38,TH,1691407163
9,albany,42.6001,-73.9662,20.23,89,100,2.24,US,1691407163
10,ilulissat,69.2167,-51.1,9.01,43,20,8.75,GL,1691407163
11,puerto ayora,-0.7393,-90.3518,23.64,90,61,2.68,EC,1691407163
12,acarau,-2.8856,-40.12,27.46,66,81,8.67,BR,1691407027
13,isafjordur,66.0755,-23.124,12.02,62,0,0.0,IS,1691407164
14,blackmans bay,-43.0167,147.3167,9.74,84,83,1.79,AU,1691407164
15,rio grande,-32.035,-52.0986,12.06,84,100,8.23,BR,1691407164
16,emerald,-23.5333,148.1667,16.86,49,5,3.06,AU,1691407164
17,wailua homesteads,22.0669,-159.378,26.44,87,75,7.2,US,1691407165
18,kloulklubed,7.0419,134.2556,26.88,76,100,7.69,PW,1691407165
19,adamstown,-25.066,-130.1015,20.16,70,26,3.73,PN,1691407165
20,miri,4.4148,114.0089,29.08,84,20,1.54,MY,1691407166
21,marsh harbour,26.5412,-77.0636,29.28,75,77,5.87,BS,1691407166
22,longyearbyen,78.2186,15.6401,8.91,81,75,1.54,SJ,1691407166
23,labytnangi,66.6572,66.4183,28.32,37,4,2.11,RU,1691407166
24,whitehorse,60.7161,-135.0538,16.56,62,75,2.06,CA,1691407167
25,svetlograd,45.3353,42.8547,37.46,30,0,2.31,RU,1691407167
26,waitangi,-43.9535,-176.5597,9.58,53,100,2.9,NZ,1691407167
27,kyzyl-suu,42.3414,78.0056,21.49,46,76,3.29,KG,1691407168
28,lazaro cardenas,17.9583,-102.2,25.82,78,78,2.16,MX,1691407168
29,kutum,14.2,24.6667,28.29,47,100,1.17,SD,1691407169
30,mount gambier,-37.8333,140.7667,7.02,89,8,1.71,AU,1691406941
31,mossel bay,-34.1831,22.146,19.96,63,0,1.28,ZA,1691407169
32,hawaiian paradise park,19.5933,-154.9731,23.83,92,100,2.06,US,1691407169
33,kilindoni,-7.9139,39.6668,25.15,75,15,5.19,TZ,1691407170
34,port-aux-francais,-49.35,70.2167,5.68,92,100,13.96,TF,1691406877
35,talnakh,69.4865,88.3972,25.67,34,43,0.26,RU,1691407170
36,pokhara,28.2333,83.9833,26.45,87,100,1.01,NP,1691407090
37,san pedro pochutla,15.7333,-96.4667,25.4,88,10,1.78,MX,1691407170
38,villa regina,-39.1,-67.0667,4.0,86,0,4.04,AR,1691407171
39,lebu,-37.6167,-73.65,8.57,73,27,1.73,CL,1691407041
40,afaahiti,-17.75,-149.2833,22.93,76,66,6.43,PF,1691407171
41,mount pearl,47.5166,-52.7813,16.03,95,100,4.63,CA,1691407027
42,papatowai,-46.5619,169.4708,4.84,87,99,4.79,NZ,1691407172
43,puerto leguizamo,-0.1934,-74.7819,21.14,97,100,1.14,CO,1691407172
44,geraldton,-28.7667,114.6,18.23,94,100,2.57,AU,1691407172
45,manokwari,-0.8667,134.0833,26.95,78,80,1.0,ID,1691407173
46,aasiaat,68.7098,-52.8699,2.64,78,29,3.04,GL,1691407173
47,klaksvik,62.2266,-6.589,13.51,87,99,5.92,FO,1691407173
48,carnarvon,-24.8667,113.6333,21.96,66,22,3.3,AU,1691407173
49,thompson,55.7435,-97.8558,9.09,100,0,1.54,CA,1691407174
50,lompoc,34.6391,-120.4579,15.43,97,100,0.0,US,1691407174
51,howrah,22.5892,88.3103,28.0,91,100,3.6,IN,1691407174
52,saipan,15.1355,145.701,27.58,100,75,0.89,MP,1691407174
53,swakopmund,-22.6833,14.5333,21.1,66,0,1.34,NA,1691407174
54,grytviken,-54.2811,-36.5092,-4.28,95,100,7.79,GS,1691407175
55,tralee,52.2704,-9.7026,16.14,77,20,5.14,IE,1691407019
56,olonkinbyen,70.9221,-8.7187,4.27,82,93,4.67,SJ,1691407175
57,kalulushi,-12.8378,28.0919,26.5,26,4,2.91,ZM,1691407175
58,xilin hot,43.9667,116.0333,26.17,49,12,2.49,CN,1691406945
59,tolanaro,-25.0319,46.9987,23.48,63,24,7.87,MG,1691407176
60,port mathurin,-19.6833,63.4167,22.15,67,30,8.47,MU,1691407176
61,coronel suarez,-37.4547,-61.9334,0.8,92,2,2.86,AR,1691407176
62,puerto natales,-51.7236,-72.4875,-2.03,82,99,1.54,CL,1691407176
63,qamdo,31.1667,97.2333,14.43,56,96,0.24,CN,1691407176
64,bethel,41.3712,-73.414,22.52,89,100,2.57,US,1691407177
65,souillac,-20.5167,57.5167,24.21,60,20,6.69,MU,1691407177
66,saint-pierre,-21.3393,55.4781,23.09,78,0,13.89,RE,1691407177
67,atafu village,-8.5421,-172.5159,28.64,72,49,6.75,TK,1691407177
68,freetown,8.484,-13.2299,24.62,92,100,4.58,SL,1691407178
69,enriquillo,17.9,-71.2333,26.79,89,24,5.59,DO,1691407178
70,hermanus,-34.4187,19.2345,19.33,67,0,2.08,ZA,1691407178
71,college,64.8569,-147.8028,15.97,80,75,0.0,US,1691407178
72,bilibino,68.0546,166.4372,0.48,91,100,2.77,RU,1691407178
73,bredasdorp,-34.5322,20.0403,19.03,59,0,1.64,ZA,1691407026
74,iqaluit,63.7506,-68.5145,7.85,87,20,1.03,CA,1691407142
75,houma,29.5958,-90.7195,28.0,91,0,1.54,US,1691406979
76,kailua-kona,19.6406,-155.9956,25.98,82,0,4.63,US,1691407179
77,cururupu,-1.8283,-44.8683,25.9,85,88,2.87,BR,1691407160
78,vorgashor,67.5833,63.95,19.89,69,85,6.34,RU,1691406931
79,rongelap,11.1635,166.8941,28.33,80,100,7.46,MH,1691407180
80,lihue,21.9789,-159.3672,26.77,82,75,7.2,US,1691407180
81,iskateley,67.6803,53.1512,16.33,56,64,7.42,RU,1691407180
82,udachny,66.4167,112.4,20.25,48,98,3.42,RU,1691407180
83,flying fish cove,-10.4217,105.6791,24.82,88,100,5.14,CX,1691406954
84,tiksi,71.6872,128.8694,9.07,56,58,1.64,RU,1691407181
85,hamilton,39.1834,-84.5333,20.89,92,100,4.12,US,1691407181
86,bichura,50.5881,107.6022,19.83,89,93,1.61,RU,1691407181
87,monte carmelo,-18.7247,-47.4986,18.08,34,0,2.21,BR,1691406997
88,tambura,5.6,27.4667,32.47,43,12,1.85,SS,1691407182
89,sodankyla,67.4167,26.6,21.1,59,97,5.69,FI,1691407182
90,ribeira grande,38.5167,-28.7,26.22,69,40,5.66,PT,1691407146
91,colonia,50.9333,6.95,19.47,66,40,7.2,DE,1691407182
92,pacific grove,36.6177,-121.9166,14.02,94,0,0.0,US,1691407182
93,jamestown,42.097,-79.2353,21.12,90,100,3.09,US,1691407183
94,qaqortoq,60.7167,-46.0333,6.04,85,24,1.4,GL,1691407183
95,zhezkent,50.9311,81.3615,29.38,24,53,4.66,KZ,1691407183
96,nova xavantina,-14.6667,-52.35,23.52,44,3,0.6,BR,1691407183
97,pisco,-13.7,-76.2167,18.03,77,100,2.06,PE,1691407184
98,stanley,54.868,-1.6985,17.93,68,40,7.2,GB,1691407093
99,la sarre,48.8002,-79.1996,14.81,70,100,1.97,CA,1691407184
100,ostersund,63.1792,14.6357,14.25,90,100,1.54,SE,1691407184
101,ishigaki,24.3448,124.1572,28.07,94,75,1.54,JP,1691407184
102,ushuaia,-54.8,-68.3,-0.19,74,20,2.06,AR,1691407185
103,kerikeri,-35.2268,173.9474,6.06,90,60,1.69,NZ,1691407185
104,waingapu,-9.6567,120.2641,24.0,73,9,6.2,ID,1691407090
105,korla,41.7597,86.1469,37.59,11,86,4.0,CN,1691407186
106,magadan,59.5667,150.8,11.29,55,75,4.61,RU,1691406926
107,trairi,-3.2778,-39.2689,27.19,64,27,6.84,BR,1691407186
108,plastun,44.7561,136.2939,15.41,79,96,2.15,RU,1691407187
109,awjilah,29.1081,21.2869,33.87,28,2,4.73,LY,1691407187
110,taltal,-25.4,-70.4833,15.27,76,1,1.41,CL,1691407188
111,abepura,-2.6333,140.5833,26.45,78,40,2.06,ID,1691407188
112,codrington,-38.2667,141.9667,7.99,85,1,1.27,AU,1691407188
113,kingston,17.997,-76.7936,28.53,74,75,3.09,JM,1691407188
114,kirensk,57.7853,108.1119,25.7,61,71,1.78,RU,1691407188
115,ramadi,33.4226,43.3058,43.88,10,0,8.85,IQ,1691407189
116,dadiya,9.6167,11.4333,24.61,83,100,3.04,NG,1691407189
117,west island,-12.1568,96.8225,26.99,78,40,4.63,CC,1691407189
118,san fernando de monte cristi,19.8667,-71.65,27.41,82,0,6.11,DO,1691406913
119,invercargill,-46.4,168.35,5.01,88,98,2.24,NZ,1691407189
120,juan griego,11.0817,-63.9655,26.92,87,81,3.94,VE,1691407077
121,egilsstadir,65.2653,-14.3948,7.95,87,75,2.57,IS,1691407190
122,ghanzi,-21.5667,21.7833,23.72,23,6,3.87,BW,1691407190
123,kitangari,-10.65,39.3333,26.87,46,56,4.91,TZ,1691407190
124,beitbridge,-22.2167,30.0,25.82,21,14,0.4,ZW,1691407191
125,howard springs,-12.497,131.047,24.95,43,54,2.49,AU,1691407191
126,dylym,43.071,46.6345,35.08,31,0,3.05,RU,1691407191
127,hammerfest,70.6634,23.6821,20.25,49,0,1.54,NO,1691407191
128,kapoeta,4.7717,33.5903,33.12,31,73,7.63,SS,1691407192
129,port-gentil,-0.7193,8.7815,27.98,57,20,4.63,GA,1691406915
130,ilave,-16.0833,-69.6667,2.1,45,35,2.01,PE,1691407192
131,freeport,40.6576,-73.5832,23.37,89,100,5.66,US,1691407048
132,ore,6.7457,4.8775,25.97,86,94,2.82,NG,1691407192
133,inirida,3.8653,-67.9239,21.99,99,75,0.85,CO,1691407193
134,newman,37.3138,-121.0208,22.94,76,0,1.34,US,1691407193
135,port elizabeth,-33.918,25.5701,22.83,68,0,4.12,ZA,1691407193
136,dongkan,33.9997,119.8308,22.66,86,3,2.68,CN,1691406952
137,sandnessjoen,66.0217,12.6316,13.29,88,75,5.66,NO,1691407194
138,punta arenas,-53.15,-70.9167,1.01,83,99,3.39,CL,1691407194
139,keflavik,64.0049,-22.5624,13.24,82,75,3.09,IS,1691407194
140,santa cruz,-17.8,-63.1667,22.03,88,40,4.12,BO,1691407005
141,ketchikan,55.3422,-131.6461,17.26,88,100,3.09,US,1691407194
142,al jubayl,27.0112,49.6583,38.16,41,3,5.06,SA,1691407195
143,esikhaleni,-28.871,31.8996,22.19,69,28,5.94,ZA,1691407079
144,mahdia,35.5047,11.0622,28.97,40,0,7.38,TN,1691407195
145,anadyr,64.75,177.4833,11.28,93,100,5.0,RU,1691406942
146,annau,37.8876,58.516,37.72,17,0,5.14,TM,1691407196
147,sidi khaled,34.387,4.9879,36.11,15,0,1.1,DZ,1691407196
148,antsiranana,-12.2787,49.2917,27.67,53,2,9.41,MG,1691407197
149,mermoz boabab,14.7065,-17.4758,28.31,80,99,5.82,SN,1691407197
150,severo-yeniseyskiy,60.3725,93.0408,16.2,69,82,2.78,RU,1691407197
151,ancud,-41.8697,-73.8203,4.13,91,76,3.52,CL,1691406935
152,ciudad lazaro cardenas,17.9583,-102.2,25.82,78,78,2.16,MX,1691407198
153,kalymnos,36.95,26.9833,29.74,61,0,4.12,GR,1691407198
154,moyynkum,44.2914,72.9469,33.35,22,76,2.86,KZ,1691407198
155,margate,51.3813,1.3862,20.39,57,2,4.02,GB,1691407199
156,port saint john's,-31.6229,29.5448,21.86,68,55,3.28,ZA,1691407199
157,kapuskasing,49.4169,-82.4331,15.05,100,75,1.03,CA,1691407199
158,mirnyy,62.5353,113.9611,21.87,57,87,3.45,RU,1691406930
159,al wajh,26.2455,36.4525,33.97,55,0,5.14,SA,1691406931
160,smidovich,48.6,133.8167,19.8,52,78,3.7,RU,1691407200
161,guayaramerin,-10.8368,-65.3614,22.53,63,13,1.01,BO,1691407054
162,crane,31.3974,-102.3501,26.25,55,1,7.6,US,1691407200
163,kourou,5.1552,-52.6478,25.03,87,39,3.2,GF,1691407087
164,jaguarao,-32.5661,-53.3758,10.51,79,99,5.27,BR,1691407046
165,port lincoln,-34.7333,135.8667,10.96,68,50,3.39,AU,1691407201
166,baruun-urt,46.6806,113.2792,19.11,76,59,6.82,MN,1691407202
167,roshchino,60.2519,29.6085,30.52,42,1,6.35,RU,1691407202
168,guerrero negro,27.9769,-114.0611,26.02,62,2,2.19,MX,1691407203
169,altai,46.3722,96.2583,22.78,20,84,2.45,MN,1691407006
170,utrik,11.2278,169.8474,28.54,75,100,8.18,MH,1691407204
171,jinchang,38.4953,102.1739,33.47,15,11,5.47,CN,1691406949
172,itoman,26.1247,127.6694,27.43,91,75,11.32,JP,1691407199
173,bayanaul,50.7889,75.6956,24.15,51,62,3.4,KZ,1691407205
174,tenenkou,14.4572,-4.9169,31.22,49,95,5.8,ML,1691407205
175,alief,29.7111,-95.5963,28.88,86,0,3.6,US,1691407206
176,mana,5.6592,-53.7767,25.56,85,46,4.13,GF,1691407206
177,jumla,29.2747,82.1838,20.87,88,99,1.89,NP,1691407207
178,joniskis,56.2403,23.6153,19.51,75,69,5.08,LT,1691407207
179,karratha,-20.7377,116.8463,22.75,66,32,5.26,AU,1691407187
180,ceeldheer,3.8488,47.1806,29.78,54,61,12.57,SO,1691407128
181,petropavlovsk-kamchatsky,53.0452,158.6483,12.33,100,75,2.0,RU,1691407124
182,saint-philippe,-21.3585,55.7679,21.77,84,19,7.15,RE,1691407208
183,san antonio de pale,-1.4014,5.6325,23.02,75,55,3.71,GQ,1691407208
184,fada,9.5667,8.3,23.33,84,82,2.87,NG,1691407208
185,hithadhoo,-0.6,73.0833,28.18,73,81,2.55,MV,1691407208
186,batangafo,7.3008,18.2833,27.6,72,94,1.03,CF,1691407209
187,palikir - national government center,6.9248,158.1611,24.41,100,100,2.06,FM,1691406965
188,bunia,1.5667,30.25,28.41,38,85,4.36,CD,1691407209
189,quellon,-43.1167,-73.6167,-1.86,100,56,0.0,CL,1691407209
190,manay,7.215,126.5397,26.98,88,99,3.97,PH,1691407209
191,bahia de kino,28.8333,-111.9333,29.4,73,47,5.75,MX,1691407210
192,cabo san lucas,22.8909,-109.9124,29.73,73,99,0.96,MX,1691407210
193,artesia,33.8658,-118.0831,21.85,91,100,0.0,US,1691407210
194,badger,64.8,-147.5333,15.93,83,100,0.0,US,1691406947
195,santa ana,33.7456,-117.8678,21.34,91,100,0.45,US,1691406988
196,phillip island,-38.4835,145.231,9.15,78,2,2.95,AU,1691407211
197,tromso,69.6496,18.957,18.54,62,0,5.66,NO,1691407211
198,yanam,16.7333,82.2167,31.81,58,100,3.77,IN,1691407051
199,vilyuchinsk,52.9306,158.4028,13.15,80,90,3.99,RU,1691406914
200,new norfolk,-42.7826,147.0587,10.4,93,61,1.35,AU,1691407212
201,palu,-0.8917,119.8707,25.19,95,42,0.75,ID,1691406995
202,masterton,-40.9597,175.6575,11.05,91,96,1.09,NZ,1691407144
203,vadso,70.0744,29.7487,20.49,68,0,2.06,NO,1691407212
204,beyneu,45.3167,55.2,37.41,22,28,8.44,KZ,1691407212
205,khuzdar,27.7384,66.6434,37.18,10,1,6.45,PK,1691407213
206,santa flavia,38.085,13.5351,32.02,43,1,3.67,IT,1691407205
207,kodiak,57.79,-152.4072,11.73,94,100,2.57,US,1691407213
208,east ballina,-28.8667,153.5833,13.78,71,85,4.57,AU,1691407213
209,gadzhiyevo,69.2551,33.3362,19.46,57,81,6.44,RU,1691407214
210,atar,20.5169,-13.0499,35.44,14,3,3.1,MR,1691407215
211,singaparna,-7.3515,108.111,22.48,85,97,2.02,ID,1691407215
212,salalah,17.0151,54.0924,27.05,94,100,4.63,OM,1691407215
213,dano,11.15,-3.0667,29.53,60,99,5.38,BF,1691407216
214,arfoud,31.4348,-4.2375,40.34,11,89,3.75,MA,1691407216
215,constantia,44.1833,28.65,28.38,43,0,6.78,RO,1691407217
216,callao,-12.0667,-77.15,20.4,73,100,2.57,PE,1691407217
217,baiyin,36.5583,104.2081,28.07,36,2,7.96,CN,1691407217
218,la passe,45.5549,-0.8967,22.24,51,30,1.21,FR,1691407218
219,churapcha,62.0025,132.4325,16.49,38,10,3.04,RU,1691407218
220,kongwa,-6.2,36.4167,25.37,41,59,5.33,TZ,1691407218
221,touros,-5.1989,-35.4608,26.82,73,14,6.78,BR,1691407219
222,axim,4.8699,-2.2405,26.57,77,88,4.32,GH,1691407166
223,taoudenni,22.6783,-3.9836,42.45,16,12,4.58,ML,1691407219
224,mahikeng,-25.8652,25.6442,23.14,11,4,2.94,ZA,1691407220
225,beira,-19.8436,34.8389,24.05,83,20,4.12,MZ,1691407220
226,cutral-co,-38.9469,-69.2089,-0.61,10,1,0.89,AR,1691407220
227,maraba,-5.3686,-49.1178,26.06,57,23,0.94,BR,1691407220
228,riverton,40.5219,-111.9391,19.66,63,0,1.34,US,1691407221
229,revda,56.801,59.9303,22.22,83,28,2.62,RU,1691407221
230,miguel ahumada,30.6167,-106.5167,28.52,37,51,3.26,MX,1691407221
231,chibougamau,49.9168,-74.3659,12.79,94,75,1.54,CA,1691407221
232,ust-nera,64.5667,143.2,9.28,45,72,3.04,RU,1691407222
233,thiells,41.2107,-74.0176,21.6,94,100,3.55,US,1691407222
234,puerto deseado,-47.7503,-65.8938,1.29,59,100,3.16,AR,1691407222
235,waiuku,-37.25,174.75,12.04,88,100,2.61,NZ,1691407223
236,amursk,50.2261,136.8994,19.1,55,1,1.43,RU,1691407223
237,gumia,23.7833,85.8167,28.07,84,100,3.59,IN,1691407099
238,la paz,-16.5,-68.15,5.88,43,20,1.79,BO,1691406989
239,kayenta,36.7278,-110.2546,22.75,34,0,5.48,US,1691407223
240,puerto baquerizo moreno,-0.9,-89.6,23.24,75,58,4.54,EC,1691407224
241,port antonio,18.18,-76.4612,28.95,83,17,2.19,JM,1691407224
242,port douglas,-16.4833,145.4667,19.97,82,7,5.44,AU,1691407224
243,okanagan,50.3639,-119.35,20.44,76,93,1.04,CA,1691407224
244,morant bay,17.8815,-76.4093,28.79,82,2,3.64,JM,1691407225
245,enewetak,11.3474,162.3373,28.57,76,87,4.55,MH,1691407225
246,port hedland,-20.3167,118.5667,24.03,57,15,3.6,AU,1691406884
247,betio village,1.358,172.9211,28.02,75,11,2.88,KI,1691407225
248,bogale,16.2833,95.4,27.07,81,100,5.38,MM,1691406967
249,praia da vitoria,38.7333,-27.0667,24.14,88,75,4.19,PT,1691407226
250,cochabamba,-17.3895,-66.1568,12.67,76,0,0.0,BO,1691406982
251,macheng,31.1783,115.0319,28.78,85,63,3.52,CN,1691406950
252,gebeit,21.0667,36.3167,40.03,10,14,4.93,SD,1691407226
253,cubuk,40.2386,33.0322,32.95,27,0,4.63,TR,1691407226
254,tura,25.5198,90.2201,24.91,96,100,3.43,IN,1691407227
255,magdalena,14.1999,121.429,28.49,84,33,3.61,PH,1691407227
256,hobyo,5.3505,48.5268,27.79,66,56,14.39,SO,1691407227
257,saint-felicien,48.6501,-72.4491,13.28,88,100,0.19,CA,1691407227
258,minas de marcona,-15.2119,-75.1103,11.18,90,29,4.34,PE,1691407228
259,vecvarkava,56.1833,26.5167,32.31,40,1,7.56,LV,1691407228
260,aleg,17.0481,-13.9209,31.51,38,61,7.09,MR,1691407228
261,happy valley-goose bay,53.3168,-60.3315,14.17,77,100,3.09,CA,1691407229
262,nemuro,43.3236,145.575,14.88,96,100,6.58,JP,1691407049
263,conception bay south,47.4999,-52.9981,16.36,94,100,4.48,CA,1691407229
264,ozalp,38.6548,43.993,28.86,20,43,5.7,TR,1691407229
265,muynoq,43.7683,59.0214,34.26,28,30,7.24,UZ,1691407229
266,st. john's,47.5649,-52.7093,16.49,95,100,4.63,CA,1691406965
267,quang ngai,15.1167,108.8,30.35,66,72,0.95,VN,1691406931
268,sisimiut,66.9395,-53.6735,9.78,63,45,0.26,GL,1691407230
269,thunder bay,48.4001,-89.3168,10.99,93,0,1.54,CA,1691407031
270,keuruu,62.2667,24.7,28.1,50,6,5.91,FI,1691407231
271,turuntayevo,52.2,107.6167,22.05,81,98,1.96,RU,1691407231
272,saldanha,-33.0117,17.9442,19.03,75,0,3.58,ZA,1691407231
273,skhira,34.2992,10.07,34.82,46,0,3.19,TN,1691407231
274,kone,-21.0595,164.8658,17.59,83,18,2.36,NC,1691407232
275,rifle,39.5347,-107.7831,18.39,66,0,0.0,US,1691407232
276,mhamid,29.82,-5.72,43.62,8,55,5.9,MA,1691407232
277,fortuna,40.5982,-124.1573,16.07,94,100,0.0,US,1691407232
278,bodaybo,57.8506,114.1933,23.04,66,50,1.14,RU,1691407232
279,bikin,46.8161,134.26,19.58,72,56,0.88,RU,1691407233
280,whakatane,-37.9585,176.9854,9.32,96,100,1.48,NZ,1691407043
281,northam,51.0333,-4.2167,18.7,67,98,5.3,GB,1691407233
282,alofi,-19.0595,-169.9187,21.94,100,75,4.12,NU,1691407233
283,dundaga,57.5167,22.35,26.25,61,30,4.43,LV,1691407233
284,bathsheba,13.2167,-59.5167,28.34,89,40,7.2,BB,1691407234
285,hermosillo,29.0667,-110.9667,31.27,64,75,2.06,MX,1691407234
286,selfoss,63.9331,-20.9971,16.69,61,64,0.22,IS,1691407234
287,hasaki,35.7333,140.8333,28.5,87,21,3.92,JP,1691407153
288,selkirk,50.1436,-96.8845,13.38,98,3,1.98,CA,1691407234
289,haiku-pauwela,20.9219,-156.3051,24.47,81,0,7.2,US,1691407235
290,susuman,62.7833,148.1667,3.28,62,73,1.56,RU,1691407235
291,huicungo,-7.2833,-76.8,19.94,81,5,0.69,PE,1691407235
292,harnai,30.1005,67.9374,38.4,18,0,3.54,PK,1691407235
293,jonesboro,35.8423,-90.7043,25.87,73,0,2.06,US,1691406981
294,pangody,65.85,74.4859,27.02,27,3,4.12,RU,1691407236
295,bereznik,62.8551,42.7072,26.02,46,4,2.27,RU,1691407236
296,balsas,-7.5325,-46.0356,26.05,41,11,4.12,BR,1691407236
297,kirakira,-10.4544,161.9205,24.94,91,100,3.29,SB,1691407154
298,gumdag,39.2061,54.5906,41.34,12,40,2.07,TM,1691407236
299,forster,-32.1667,152.5167,9.6,100,25,2.12,AU,1691407237
300,astrakhan,46.3497,48.0408,37.93,23,0,3.0,RU,1691407237
301,koh kong,11.6175,102.9806,26.88,87,100,3.46,KH,1691407237
302,taungoo,18.9333,96.4333,23.53,98,100,2.56,MM,1691407100
303,prince rupert,54.3161,-130.3201,15.05,98,100,2.06,CA,1691407237
304,miyako,39.6367,141.9525,25.3,95,80,4.33,JP,1691407238
305,avarua,-21.2078,-159.775,21.03,94,75,1.03,CK,1691407238
306,slantsy,59.1182,28.0914,33.0,34,56,6.81,RU,1691407238
307,coquimbo,-29.9533,-71.3436,9.85,87,0,2.57,CL,1691407239
308,piacabucu,-10.4056,-36.4344,24.82,81,23,5.42,BR,1691407239
309,winona,43.9666,-91.7668,17.11,100,0,1.54,US,1691407239
310,tamanrasset,22.785,5.5228,35.95,15,0,2.06,DZ,1691407240
311,tual,-5.6667,132.75,25.98,80,8,9.32,ID,1691407073
312,gizo,-8.103,156.8419,26.29,84,100,8.01,SB,1691407240
313,kuqa,41.7278,82.9364,34.2,17,98,2.59,CN,1691406956
314,hailar,49.2,119.7,18.89,69,100,1.47,CN,1691406953
315,djambala,-2.5447,14.7533,31.21,30,66,2.72,CG,1691407241
316,zalukokoazhe,43.9039,43.2156,36.09,42,1,3.31,RU,1691407241
317,bhit shah,25.8044,68.4927,40.03,41,5,12.04,PK,1691407241
318,xining,36.6167,101.7667,25.29,36,25,2.77,CN,1691407241
319,cozumel,20.5083,-86.9458,25.53,94,41,3.24,MX,1691407242
320,aliwal north,-30.6937,26.7114,19.95,21,0,2.86,ZA,1691406968
321,kununurra,-15.7667,128.7333,19.99,45,73,0.51,AU,1691407242
322,onega,63.9061,38.1404,23.98,51,2,4.11,RU,1691407242
323,omdurman,15.6445,32.4777,35.48,31,46,3.57,SD,1691407031
324,kidal,18.4411,1.4078,35.99,24,4,4.51,ML,1691407152
325,sinop,41.7711,34.8709,28.06,46,0,3.97,TR,1691407243
326,al ghayzah,16.2079,52.176,31.6,61,54,7.03,YE,1691407243
327,galesong,-5.3166,119.3661,27.01,72,28,4.24,ID,1691407077
328,dunedin,-45.8742,170.5036,5.45,77,97,6.26,NZ,1691407243
329,priob'ye,62.5206,65.5964,28.3,33,0,3.18,RU,1691407244
330,ha tinh,18.3333,105.9,28.89,69,97,2.19,VN,1691406789
331,tazovsky,67.4667,78.7,20.71,46,0,3.1,RU,1691407244
332,lagunas,-5.2269,-75.6753,21.19,89,61,0.92,PE,1691407244
333,vilhena,-12.7406,-60.1458,22.12,73,0,1.54,BR,1691406976
334,dreux,48.6667,1.25,21.85,51,39,3.87,FR,1691407245
335,basco,20.4487,121.9702,28.25,86,76,12.49,PH,1691407245
336,fort mcmurray,56.7268,-111.381,6.73,100,0,2.06,CA,1691407019
337,dhidhdhoo,6.8833,73.1,28.11,77,100,6.7,MV,1691407246
338,east london,-33.0153,27.9116,21.52,68,20,5.14,ZA,1691406982
339,zheleznogorsk-ilimskiy,56.5768,104.1217,21.79,64,98,0.95,RU,1691407246
340,shakiso,5.75,38.9167,16.04,86,100,1.06,ET,1691407247
341,kupino,54.3663,77.2981,25.83,31,0,3.99,RU,1691407248
342,sundsvall,62.3913,17.3063,17.98,94,100,3.6,SE,1691407248
343,nogliki,51.8333,143.1667,15.78,75,0,3.73,RU,1691407248
344,ware,51.8126,-0.0283,21.08,58,40,5.66,GB,1691407249
345,sao miguel do araguaia,-13.275,-50.1628,25.36,30,9,3.13,BR,1691407075
346,castillos,-34.1667,-53.8333,9.47,75,84,6.72,UY,1691407249
347,nueva gerona,21.8833,-82.8,29.38,74,36,5.49,CU,1691407249
348,cole harbour,44.6724,-63.4751,18.99,85,43,5.14,CA,1691407250
349,qandala,11.472,49.8728,34.68,45,15,2.7,SO,1691407125
350,rosarito,32.3333,-117.0333,18.54,72,4,1.43,MX,1691407250
351,el bordo,2.117,-76.9821,19.29,81,100,0.6,CO,1691407251
352,baotou,40.6522,109.8222,32.96,26,37,3.98,CN,1691407251
353,nar'yan-mar,67.6713,53.087,16.39,56,64,7.34,RU,1691407251
354,medicine hat,50.0501,-110.6683,14.24,79,0,3.6,CA,1691407251
355,villa gesell,-37.2639,-56.973,6.7,61,25,8.44,AR,1691407046
356,haizhou,34.5817,119.1289,23.85,82,31,2.08,CN,1691407252
357,macapa,0.0389,-51.0664,27.99,89,40,2.06,BR,1691407159
358,urangan,-25.3,152.9,17.64,77,16,6.08,AU,1691407252
359,tadine,-21.55,167.8833,18.92,77,1,5.49,NC,1691407253
360,sitka,57.0531,-135.33,15.94,77,100,3.09,US,1691407253
361,khangarh,29.9173,71.1618,34.04,21,11,4.73,PK,1691407253
362,gulf shores,30.246,-87.7008,29.76,75,20,4.12,US,1691407254
363,dellys,36.9172,3.9131,27.43,61,0,9.29,DZ,1691406969
364,pocone,-16.2567,-56.6228,25.21,36,17,2.06,BR,1691407085
365,luderitz,-26.6481,15.1594,22.36,47,0,3.18,NA,1691407207
366,ciudad dario,12.7314,-86.124,21.94,89,100,2.17,NI,1691407255
367,fort bragg,35.139,-79.006,24.0,92,40,3.09,US,1691407134
368,taghazout,30.5426,-9.7112,25.43,74,66,2.19,MA,1691407255
369,page,36.9147,-111.4558,25.88,22,0,1.54,US,1691407255
370,nadi,-17.8,177.4167,21.0,100,20,2.06,FJ,1691406979
371,hegang,47.4,130.3667,18.27,81,94,2.49,CN,1691407256
372,turkmenbasy,40.0222,52.9552,35.43,29,0,7.2,TM,1691407256
373,pingshan,22.9938,114.7131,29.01,77,59,2.74,CN,1691407256
374,santiago de cao,-7.9589,-79.2392,21.07,83,75,3.09,PE,1691407256
375,rockland,41.1668,-74.0496,21.01,93,100,3.64,US,1691407257
376,el granada,37.5027,-122.4694,18.73,85,0,3.6,US,1691407257
377,mogocha,53.7333,119.7667,20.29,54,96,1.33,RU,1691407257
378,port alfred,-33.5906,26.891,20.66,75,0,1.79,ZA,1691407053
379,caburan,5.9181,125.6411,27.26,82,71,3.44,PH,1691407258
380,ulladulla,-35.35,150.4667,12.16,76,46,1.79,AU,1691407258
381,hancheng,32.5186,112.3522,28.15,80,52,4.31,CN,1691407258
382,el calafate,-50.3408,-72.2768,-2.78,60,100,1.25,AR,1691407258
383,inarajan village,13.2736,144.7484,28.54,93,99,1.79,GU,1691407259
384,manhattan,40.7834,-73.9662,21.64,88,100,5.36,US,1691407024
385,derzhavinsk,51.1,66.3167,26.37,45,88,6.14,KZ,1691407259
386,papao,-17.75,-149.55,23.82,73,89,6.24,PF,1691407259
387,mejit,10.2753,170.8646,28.44,75,100,8.02,MH,1691407260
388,saint-paul,-21.0096,55.2707,24.05,91,65,1.35,RE,1691407260
389,okondja,-0.6549,13.6753,33.4,36,36,2.09,GA,1691407260
390,la'ie,21.6477,-157.9253,25.98,80,4,1.79,US,1691407261
391,nanakuli,21.3906,-158.1547,25.97,71,20,2.57,US,1691407261
392,georgetown,5.4112,100.3354,30.96,78,20,2.68,MY,1691407121
393,kunashak,55.7032,61.5498,25.29,83,88,3.91,RU,1691407262
394,terrace,54.5163,-128.6035,18.95,77,75,3.6,CA,1691407050
395,okhotsk,59.3833,143.3,12.87,80,97,5.01,RU,1691407262
396,sicuani,-14.2694,-71.2261,4.01,85,9,0.62,PE,1691407262
397,kargasok,59.0556,80.8572,15.14,95,100,2.0,RU,1691407263
398,mont-roig del camp,41.75,1.1833,27.93,32,74,2.67,ES,1691407263
399,ballina,-28.8667,153.5667,13.77,72,86,4.27,AU,1691407263
400,nelson bay,-32.7167,152.15,14.44,68,9,2.68,AU,1691407264
401,veraval,20.9,70.3667,27.61,79,100,9.11,IN,1691407045
402,corumba,-19.0092,-57.6533,24.95,65,0,3.09,BR,1691407264
403,san carlos,9.6612,-68.5827,22.96,95,22,1.23,VE,1691407265
404,sault ste. marie,46.5168,-84.3333,15.31,93,0,0.0,CA,1691406998
405,oranjemund,-28.55,16.4333,16.81,65,0,3.86,NA,1691407265
406,yaiza,28.9633,-13.7631,25.87,54,20,5.14,ES,1691407265
407,playa del ingles,27.7567,-15.5787,27.86,80,18,0.89,ES,1691407266
408,pontal do parana,-25.6533,-48.5128,18.75,69,1,1.74,BR,1691407266
409,thinadhoo,0.5333,72.9333,28.27,74,27,3.22,MV,1691407266
410,sept-iles,50.2001,-66.3821,17.29,90,20,2.06,CA,1691407031
411,montevideo,-34.8335,-56.1674,9.9,67,75,8.23,UY,1691407267
412,albina,5.5,-54.05,25.14,83,65,2.22,SR,1691407267
413,nebbi,2.4783,31.0889,29.4,44,61,4.17,UG,1691407157
414,whangarei,-35.7317,174.3239,7.41,97,84,1.33,NZ,1691407267
415,ust-tsilma,65.441,52.1498,15.63,79,100,3.76,RU,1691407267
416,eyl,7.9803,49.8164,33.71,41,50,12.73,SO,1691407261
417,naze,28.3667,129.4833,25.51,93,100,13.21,JP,1691407126
418,retreat,38.8245,-85.8533,20.41,97,63,3.37,US,1691407268
419,pathein,16.7833,94.7333,26.57,85,100,4.32,MM,1691407268
420,richards bay,-28.783,32.0377,22.86,65,2,5.71,ZA,1691407268
421,whitburn,54.9533,-1.3686,19.14,62,12,6.12,GB,1691407269
422,laascaanood,8.4774,47.3597,33.05,30,19,12.65,SO,1691407138
423,machico,32.7,-16.7667,28.34,76,40,4.12,PT,1691407269
424,fale old settlement,-9.3852,-171.2468,28.06,71,15,6.07,TK,1691407270
425,sao joao da barra,-21.6403,-41.0511,21.05,68,0,6.04,BR,1691407270
426,christchurch,-43.5333,172.6333,7.73,81,100,4.63,NZ,1691407260
427,ambodifotatra,-16.9833,49.85,22.73,78,77,5.73,MG,1691407271
428,luganville,-15.5333,167.1667,23.68,81,100,4.13,VU,1691407271
429,chonchi,-42.6128,-73.8092,-0.44,94,72,0.42,CL,1691407271
430,kapa'a,22.0752,-159.319,27.18,87,75,7.2,US,1691407271
431,gabes,33.8815,10.0982,34.98,26,0,2.57,TN,1691407272
432,port moresby,-9.4431,147.1797,23.68,78,20,6.17,PG,1691407272
433,tabou,4.423,-7.3528,26.52,76,100,3.22,CI,1691407272
434,hadibu,12.65,54.0333,27.6,69,37,10.85,YE,1691407272
435,yuzhno-kurilsk,44.0306,145.8556,14.43,95,89,3.38,RU,1691407273
436,linxia chengguanzhen,35.6003,103.2064,25.93,47,3,3.57,CN,1691407273
437,meadow lakes,61.6247,-149.6011,15.69,87,100,1.54,US,1691407273
438,birjand,32.8663,59.2211,34.26,14,20,3.09,IR,1691407273
439,necochea,-38.5473,-58.7368,4.62,65,34,4.16,AR,1691407274
440,siliana,36.085,9.3708,29.5,34,0,6.8,TN,1691407274
441,bulayevo,54.9056,70.4439,28.0,25,6,2.51,KZ,1691407274
442,dajal,29.5577,70.3762,43.92,19,41,4.54,PK,1691407275
443,katsuren-haebaru,26.3369,127.8719,27.43,95,100,8.75,JP,1691407245
444,parauapebas,-6.0675,-49.9022,27.99,73,0,1.03,BR,1691407275
445,qarazhal,48.0078,70.7903,30.96,24,81,3.07,KZ,1691407275
446,gilgit,35.9221,74.3087,31.21,37,75,2.98,PK,1691407275
447,namibe,-15.1961,12.1522,22.85,61,2,4.06,AO,1691407276
448,tillaberi,14.2117,1.4531,28.33,66,100,7.33,NE,1691407276
449,hovd,48.0056,91.6419,26.03,28,100,1.85,MN,1691407152
450,powell river,49.8496,-124.5361,19.0,93,96,1.49,CA,1691407276
451,orapa,-21.2833,25.3667,25.51,24,6,3.19,BW,1691407277
452,gweru,-19.45,29.8167,22.3,28,35,3.56,ZW,1691407273
453,sainte-anne-des-monts,49.124,-66.4924,13.93,88,49,0.0,CA,1691407277
454,kamaishi,39.2667,141.8833,25.36,96,80,3.39,JP,1691407245
455,ormara,25.2088,64.6357,27.79,82,90,9.69,PK,1691407278
456,jayapura,-2.5333,140.7,26.66,90,70,2.87,ID,1691407027
457,gorham,43.6795,-70.4442,17.58,93,75,0.0,US,1691407278
458,kudepsta,43.4944,39.8964,29.03,74,0,5.0,RU,1691407259
459,nazarabad,35.9521,50.6075,38.45,13,3,3.49,IR,1691407279
460,tweed heads,-28.1817,153.547,16.78,89,75,3.09,AU,1691407279
461,phan rang-thap cham,11.5667,108.9833,32.08,54,33,6.96,VN,1691407187
462,kenora,49.8167,-94.4337,15.54,88,20,2.06,CA,1691407280
463,bobo-dioulasso,11.1771,-4.2979,27.58,70,100,4.44,BF,1691407280
464,armacao de buzios,-22.7469,-41.8817,23.03,78,0,7.35,BR,1691407280
465,kalach-na-donu,48.691,43.5264,38.66,20,0,5.38,RU,1691407280
466,malmberget,67.1753,20.6549,15.31,82,100,3.09,SE,1691407281
467,yebaishou,41.3975,119.6408,23.44,71,34,1.82,CN,1691407281
468,peterhead,57.5058,-1.7981,18.03,70,12,6.23,GB,1691407281
469,micheweni,-4.9667,39.8333,27.0,64,3,5.7,TZ,1691407282
470,greymouth,-42.4667,171.2,6.09,85,79,1.25,NZ,1691407282
471,namie,37.4833,141.0,27.62,86,96,5.11,JP,1691407282
472,yemva,62.59,50.8594,24.89,41,41,4.36,RU,1691407131
473,renqiu,38.6989,116.0936,26.51,81,85,0.35,CN,1691407282
474,soio,-6.1349,12.3689,24.77,71,92,3.53,AO,1691407112
475,barcelos,41.5388,-8.6151,33.25,24,0,0.67,PT,1691407283
476,luwingu,-10.2621,29.9271,27.29,24,0,3.39,ZM,1691407283
477,ulysses,37.5814,-101.3552,18.02,94,75,2.06,US,1691407283
478,idri,27.5,13.2667,38.12,20,0,7.2,LY,1691407284
479,varzea grande,-15.6467,-56.1325,22.93,60,0,2.06,BR,1691407284
480,limon,10.0,-83.0333,25.59,86,99,2.9,CR,1691407284
481,amga,60.8953,131.9608,15.84,54,15,2.22,RU,1691407284
482,isangel,-19.55,169.2667,21.33,81,72,7.26,VU,1691407285
483,nema,57.5067,50.5011,26.4,45,25,4.28,RU,1691407285
484,lamu,-2.2717,40.902,27.12,70,71,8.07,KE,1691407285
485,dzilam gonzalez,21.2833,-88.9333,23.78,98,5,1.54,MX,1691407285
486,dhemaji,27.4833,94.5833,32.04,90,99,2.8,IN,1691407285
487,taksimo,56.3444,114.8794,22.94,54,76,1.19,RU,1691407286
488,al kharijah,25.4514,30.5464,43.75,7,17,1.48,EG,1691407286
489,labuan,5.2767,115.2417,28.2,78,20,0.0,MY,1691407051
490,moengo,5.6167,-54.4,25.13,82,39,2.28,SR,1691407286
491,hauterive,46.0901,3.4459,20.42,42,16,2.83,FR,1691407287
492,tamandare,-8.7597,-35.1047,24.94,82,63,5.76,BR,1691407065
493,marshall,34.3834,-86.3333,24.66,96,0,0.0,US,1691407287
494,malangawa,26.8568,85.5581,29.45,78,100,5.33,NP,1691407287
495,salto,-31.3833,-57.9667,11.04,84,88,4.92,UY,1691407288
496,lobujya,27.95,86.8167,6.59,95,100,2.29,NP,1691407288
497,acapulco de juarez,16.8634,-99.8901,25.9,78,40,3.09,MX,1691407288
498,ciudad victoria,23.7333,-99.1333,23.36,75,3,2.9,MX,1691407288
499,bei'an,24.5399,109.533,28.72,81,78,1.24,CN,1691407289
500,bykovo,55.6361,38.0803,30.85,40,0,8.0,RU,1691407289
501,portland,45.5234,-122.6762,19.34,85,100,2.06,US,1691406897
502,volodarskiy,46.4013,48.5409,37.97,20,0,5.38,RU,1691407289
503,laguna,38.421,-121.4238,24.49,64,0,3.09,US,1691407290
504,vilyuysk,63.7553,121.6247,21.86,51,2,2.02,RU,1691407290
505,saint-jean-de-monts,46.7833,-2.0667,16.62,65,30,2.93,FR,1691407290
506,marquette,46.5333,-87.6335,15.43,91,100,0.89,US,1691407290
507,weyburn,49.6668,-103.8511,12.12,76,26,1.03,CA,1691407291
508,holualoa,19.6228,-155.9522,23.91,83,0,4.63,US,1691407291
509,leninskoye,41.7589,69.3864,27.89,33,80,5.47,KZ,1691407291
510,kilju,40.9642,129.3278,18.98,97,100,2.48,KP,1691407292
511,igarka,67.4667,86.5833,18.0,60,98,4.36,RU,1691407292
512,vorkuta,67.5,64.0,19.94,70,84,6.48,RU,1691407229
513,bayanhongor,46.7167,100.1167,19.49,40,73,2.76,MN,1691407292
514,bogotol,56.2078,89.5342,21.69,43,55,0.58,RU,1691407292
515,mata-utu,-13.2816,-176.1745,27.5,78,11,3.76,WF,1691407206
516,tionk essil,12.7856,-16.5217,31.03,72,100,3.9,SN,1691407293
517,mafinga,-7.25,35.0667,26.57,35,30,4.37,TZ,1691407293
518,al bayda',32.7627,21.7551,26.88,44,1,6.7,LY,1691407293
519,rudsar,37.1376,50.288,30.99,50,4,4.26,IR,1691407293
520,chernyshevskiy,63.0128,112.4714,19.96,63,95,3.7,RU,1691407294
521,santa elena de uairen,4.6167,-61.1333,21.06,83,9,0.83,VE,1691407294
522,vallenar,-28.5708,-70.7581,15.59,47,100,0.53,CL,1691407294
523,manacapuru,-3.2997,-60.6206,25.15,66,81,1.77,BR,1691407083
524,bakchar,57.0186,82.0711,20.95,59,86,2.1,RU,1691407295
525,nantucket,41.2835,-70.0995,23.33,78,0,2.06,US,1691407295
526,bayreuth,49.9481,11.5783,13.36,91,100,1.79,DE,1691407295
527,ulsteinvik,62.3432,5.8487,14.31,86,100,8.49,NO,1691407296
528,nova sintra,14.8667,-24.7167,22.4,81,91,5.35,CV,1691407296
529,scobinti,47.3833,26.9333,24.68,49,68,7.79,RO,1691407296
530,paita,-5.0892,-81.1144,20.08,84,80,4.1,PE,1691407296
531,remire-montjoly,4.9167,-52.2667,25.02,94,0,0.0,GF,1691407297
532,polyarnyy,69.1989,33.4478,19.22,58,81,6.4,RU,1691407297
533,najran,17.4924,44.1277,39.36,10,9,7.29,SA,1691407297
534,al wakrah,24.85,51.3333,46.05,13,25,5.85,QA,1691407199
535,platteville,42.7342,-90.4785,17.51,92,0,0.0,US,1691407298
536,tahara,34.6667,137.2667,28.97,50,57,7.87,JP,1691407298
537,general conesa,-40.1,-64.4333,2.37,67,1,1.51,AR,1691407298
538,achinsk,56.2694,90.4993,22.55,43,26,0.51,RU,1691407299
539,nuuk,64.1835,-51.7216,5.34,100,100,2.57,GL,1691407131
540,bridgewater,44.3835,-64.5155,19.23,90,83,1.03,CA,1691407299
541,zinder,13.8072,8.9881,27.87,64,84,5.33,NE,1691407299
542,homer,59.6425,-151.5483,13.36,94,40,2.06,US,1691407300
543,xudat,41.631,48.681,32.45,48,0,5.49,AZ,1691407300
544,svetlyy,54.675,20.1347,18.31,77,99,8.63,RU,1691407300
545,glace bay,46.1969,-59.957,18.98,94,75,4.12,CA,1691407300
546,ola,59.5833,151.2833,12.08,52,80,5.18,RU,1691407300
547,atbara,17.7022,33.9864,37.01,30,30,4.9,SD,1691407301
548,wanning,18.8003,110.3967,30.0,68,24,4.93,CN,1691407301
549,yarmouth,41.7057,-70.2286,23.03,91,0,2.24,US,1691407140
550,katsuura,35.1333,140.3,26.31,92,89,3.59,JP,1691407304
551,mizdah,31.4451,12.9801,33.03,22,0,2.83,LY,1691407247
552,mont-laurier,46.5501,-75.4993,14.79,71,100,1.55,CA,1691407304
553,douz,33.4663,9.0203,35.65,23,0,0.48,TN,1691407304
554,tsafe,11.9553,6.9223,27.48,65,88,5.79,NG,1691407305
555,progreso,21.2833,-89.6667,25.06,92,3,3.1,MX,1691407305
556,turpan,42.9333,89.1667,45.18,8,21,1.2,CN,1691407305
557,manta,-0.95,-80.7333,25.56,78,75,7.6,EC,1691407305
558,ta`u,-14.2336,-169.5144,26.79,75,15,2.9,AS,1691407305
559,grand baie,-20.0182,57.5802,24.69,53,56,3.58,MU,1691407306
560,klyuchi,52.2667,79.1667,26.99,26,4,4.64,RU,1691407306
561,queenstown,-31.8976,26.8753,22.98,19,0,4.96,ZA,1691407306
562,gremda,34.75,10.7833,32.11,40,0,4.63,TN,1691407306
563,presidente olegario,-18.4178,-46.4181,17.62,39,1,1.77,BR,1691407314
564,mutuali,-14.8706,37.0044,29.29,27,15,2.32,MZ,1691407315
565,estes park,40.3772,-105.5217,10.45,90,35,0.45,US,1691407316
566,esmeralda,21.8525,-78.1169,26.22,87,10,2.86,CU,1691407316
567,estevan,49.1334,-102.9842,10.11,93,0,1.03,CA,1691407316
568,kouvola,60.8667,26.7,31.18,48,20,8.23,FI,1691407316
569,grand falls-windsor,48.9332,-55.6649,14.17,95,100,1.34,CA,1691407317
570,baile herculane,44.8797,22.4125,23.54,41,14,5.86,RO,1691407317
571,cambria,35.5641,-121.0808,23.32,69,4,0.23,US,1691407317
572,wiang sa,8.6359,99.3666,31.59,69,90,3.38,TH,1691407317
573,rabaul,-4.1967,152.1721,25.95,79,100,6.03,PG,1691407318
574,san patricio,28.017,-97.5169,28.94,88,15,4.37,US,1691407318
